Sample	Ref	Alt	Trinuc	Strand
CATD0621a	C	T	TCG	1
CATD0463a	A	G	TAG	1
CATD0453a	A	G	GAA	1
CATD0463a	T	C	CTG	1
CATD0463a	T	C	ATG	-1
CATD0450a	G	T	TGA	1
CATD0463a	C	T	ACG	1
CATD0463a	C	T	GCG	1
CATD0465a	A	G	TAG	-1
CATD0465a	C	A	CCT	1
CATD0458a	A	T	CAG	1
CATD0463a	T	C	TTG	-1
CATD0463a	G	A	CGG	1
CATD0466a	T	G	CTC	1
CATD0454a	C	A	GCT	1
CATD0446a	T	C	CTC	-1
CATD0451a	G	A	GGC	-1
CATD0465a	G	A	CGT	-1
CATD0455a	C	T	CCT	1
CATD0457a	C	T	GCT	-1
CATD0463a	C	T	TCG	-1
CATD0452a	T	C	TTG	-1
CATD0463a	C	T	CCG	1
CATD0447a	T	C	TTT	-1
CATD0463a	C	T	GCG	1
CATD0457a	C	T	CCG	1
CATD0463a	C	T	TCG	-1
CATD0621a	G	T	GGG	-1
CATD0449a	G	A	CGC	1
CATD0463a	T	C	ATG	-1
CATD0465a	A	G	GAT	-1
CATD0617a	G	A	CGG	-1
CATD0623a	C	T	TCC	-1
CATD0456a	G	A	CGG	1
CATD0465a	A	C	CAC	1
CATD0463a	T	C	GTT	1
CATD0463a	G	A	GGT	1
CATD0446a	A	T	AAT	-1
CATD0465a	C	A	CCT	1
CATD0463a	T	C	GTC	-1
CATD0452a	A	G	AAA	1
CATD0457a	C	T	TCG	1
CATD0618a	A	G	TAA	1
CATD0458a	G	A	TGG	1
CATD0624a	A	C	AAT	-1
CATD0623a	A	C	AAA	-1
CATD0618a	C	G	GCA	1
CATD0618a	C	G	GCA	1
CATD0618a	C	G	CCG	1
CATD0454a	C	A	CCC	1
CATD0463a	C	T	ACC	1
CATD0465a	G	A	CGC	1
CATD0465a	C	A	CCT	-1
CATD0463a	C	T	CCG	-1
CATD0446a	A	T	TAG	-1
CATD0465a	A	G	CAG	-1
CATD0463a	G	A	CGC	-1
CATD0460a	C	T	CCT	-1
CATD0465a	A	G	GAC	1
CATD0463a	C	A	GCT	1
CATD0463a	C	T	CCG	-1
CATD0448a	G	C	CGT	1
CATD0463a	G	A	CGT	1
CATD0620a	C	G	TCG	1
CATD0465a	C	T	ACG	-1
CATD0465a	C	T	TCG	-1
CATD0451a	G	A	GGA	-1
CATD0623a	A	G	CAT	1
CATD0465a	T	C	ATC	-1
CATD0465a	C	T	CCG	-1
CATD0463a	C	T	ACG	-1
CATD0465a	C	T	GCC	-1
CATD0461a	C	A	GCA	1
CATD0625a	C	T	TCC	-1
CATD0449a	G	A	TGC	-1
CATD0450a	C	T	GCT	-1
CATD0618a	C	G	CCG	1
CATD0465a	A	G	AAT	1
CATD0617a	C	T	GCG	1
CATD0452a	G	A	CGC	1
CATD0617a	G	A	CGC	1
CATD0463a	C	T	ACG	-1
CATD0618a	G	A	CGC	-1
CATD0465a	C	T	CCG	-1
CATD0465a	T	C	CTG	-1
CATD0625a	C	T	ACG	1
CATD0463a	C	G	ACG	1
CATD0460a	C	T	ACG	1
CATD0465a	T	C	CTG	1
CATD0463a	C	T	CCG	1
CATD0454a	T	C	ATC	-1
CATD0465a	A	C	GAT	1
CATD0447a	C	G	GCC	-1
CATD0463a	T	C	GTT	-1
CATD0624a	G	A	AGG	-1
CATD0446a	T	C	ATT	-1
CATD0465a	C	T	GCC	1
CATD0449a	C	T	TCG	1
CATD0447a	C	T	GCG	-1
CATD0463a	C	T	GCG	1
CATD0465a	A	G	AAT	-1
CATD0455a	C	A	CCT	-1
CATD0463a	C	A	GCT	-1
CATD0446a	G	A	TGG	-1
CATD0446a	C	G	ACG	-1
CATD0460a	A	G	GAA	1
CATD0457a	T	G	GTG	-1
CATD0465a	G	A	CGG	-1
CATD0465a	T	C	ATG	1
CATD0465a	A	G	CAG	1
CATD0621a	G	T	TGC	-1
CATD0619a	C	T	TCA	-1
CATD0624a	C	T	TCA	-1
CATD0463a	A	C	CAG	1
CATD0613a	A	G	AAT	-1
CATD0465a	G	A	AGA	-1
CATD0619a	G	C	AGA	-1
CATD0618a	A	C	GAA	-1
CATD0448a	C	T	TCC	-1
CATD0452a	C	T	TCC	-1
CATD0453a	C	T	TCC	-1
CATD0460a	C	T	TCC	-1
CATD0617a	C	T	CCA	-1
CATD0624a	C	T	CCA	-1
CATD0625a	C	T	CCA	-1
CATD0457a	G	A	AGA	-1
CATD0464a	A	G	GAG	-1
CATD0621a	C	G	TCC	-1
CATD0463a	C	T	GCG	-1
CATD0463a	G	A	CGC	1
CATD0464a	G	A	AGA	1
CATD0465a	T	C	GTG	1
CATD0465a	T	C	GTC	1
CATD0621a	G	C	AGT	1
CATD0613a	G	A	CGG	1
CATD0465a	C	G	GCC	-1
CATD0463a	A	C	AAG	-1
CATD0465a	C	T	CCG	1
CATD0458a	G	A	TGT	1
CATD0446a	C	T	CCA	1
CATD0452a	A	C	GAA	1
CATD0463a	G	A	CGC	-1
CATD0446a	G	A	CGG	-1
CATD0452a	G	A	CGA	1
CATD0452a	T	C	ATG	1
CATD0449a	G	A	CGT	-1
CATD0463a	G	A	CGC	-1
CATD0465a	C	T	CCG	1
CATD0460a	G	A	CGC	-1
CATD0463a	G	A	CGC	-1
CATD0465a	T	C	TTT	-1
CATD0465a	A	G	GAG	-1
CATD0452a	G	C	TGG	-1
CATD0463a	G	A	CGT	-1
CATD0464a	G	A	CGC	-1
CATD0452a	T	G	GTT	1
CATD0451a	C	T	ACG	-1
CATD0617a	C	T	TCT	1
CATD0457a	G	A	GGA	1
CATD0463a	A	G	CAT	-1
CATD0465a	G	A	CGG	-1
CATD0465a	G	T	AGG	-1
CATD0465a	C	T	ACG	1
CATD0463a	A	G	CAC	1
CATD0463a	C	A	CCT	-1
CATD0464a	A	G	AAG	1
CATD0465a	C	T	ACG	1
CATD0455a	G	A	TGC	-1
CATD0449a	G	A	GGC	-1
CATD0446a	A	G	AAC	1
CATD0460a	G	A	TGA	-1
CATD0465a	C	T	GCG	-1
CATD0463a	G	A	CGC	-1
CATD0465a	T	C	CTG	1
CATD0623a	C	T	TCC	-1
CATD0465a	C	T	CCG	1
CATD0447a	G	A	CGG	1
CATD0458a	C	G	GCA	1
CATD0623a	T	G	TTA	1
CATD0460a	C	T	ACG	1
CATD0463a	C	T	CCG	-1
CATD0465a	C	T	GCG	-1
CATD0465a	T	C	ATA	1
CATD0618a	G	T	CGC	1
CATD0465a	A	G	GAG	1
CATD0463a	C	T	TCG	-1
CATD0465a	C	T	ACG	-1
CATD0625a	A	G	CAT	1
CATD0454a	C	T	GCG	1
CATD0613a	G	A	CGC	-1
CATD0465a	G	A	CGC	-1
CATD0463a	C	T	CCG	-1
CATD0465a	C	T	GCG	-1
CATD0452a	C	T	TCC	-1
CATD0456a	T	C	CTG	-1
CATD0465a	C	T	GCG	-1
CATD0453a	C	T	CCG	-1
CATD0451a	G	A	CGG	1
CATD0463a	C	T	TCG	1
CATD0621a	G	A	GGC	-1
CATD0619a	C	T	TCC	-1
CATD0455a	G	A	CGA	1
CATD0455a	G	A	CGA	-1
CATD0463a	G	A	CGT	-1
CATD0463a	G	T	AGG	-1
CATD0457a	G	A	CGG	1
CATD0454a	G	A	AGC	-1
CATD0463a	C	T	TCG	-1
CATD0454a	T	C	TTT	1
CATD0463a	C	G	GCC	-1
CATD0452a	T	C	ATA	-1
CATD0465a	C	T	CCG	1
CATD0451a	C	T	CCG	-1
CATD0625a	T	A	GTA	-1
CATD0463a	C	T	GCT	-1
CATD0448a	C	T	CCG	-1
CATD0465a	C	T	CCG	1
CATD0618a	G	C	TGG	1
CATD0623a	A	G	GAC	1
CATD0454a	C	T	ACG	1
CATD0453a	G	A	CGT	-1
CATD0446a	C	A	ACT	-1
CATD0465a	G	A	CGC	1
CATD0454a	G	C	CGC	1
CATD0625a	G	A	CGC	1
