Feline_Nuc_Pos	Human_Nuc_Pos	Patient_ID	Original HGVS DNA Change	Original HGVS Protein Change	Humanized HGVS DNA Change	Humanized HGVS Protein Change	Study	Tumour_Type
131	131	CATD0090a	c.131C>T	p.P44L	c.131C>T	p.P44L	6555_2711	LUCA
131	131	CATD0115a	c.131C>T	p.P44L	c.131C>T	p.P44L	6555_2711	LUCA
1630	1624	CATD255a	c.1630C>T	p.R544C	c.1624C>T	p.R542C	6711_2820	cSCC
1363	1357	CATD0122a	c.1363C>T	p.R455C	c.1357C>T	p.R453W	6711_2820	cSCC
760	754	CATD274a	c.760T>A	p.L254I	c.754T>A	p.L252M	6711_2820	cSCC
457	451	CATD186a	c.457C>G	p.R153G	c.451C>G	p.R151G	6711_2820	cSCC
212	212	CATD246a	c.212C>T	p.S71F	c.212C>T	p.S71F	6711_2820	cSCC
178	178	CATD256a	c.178A>G	p.T60A	c.178T>G	p.S60A	6711_2820	cSCC
98	98	CATD0139a	c.98C>G	p.S33C	c.98C>G	p.S33C	6711_2820	cSCC
133	133	CATD216a	c.133T>G	p.S45A	c.133T>G	p.S45A	6841_2964	MEN
133	133	CATD232a	c.133T>C	p.S45P	c.133T>C	p.S45P	6841_2964	MEN
121	121	CATD0717a	c.121A>G	p.T41A	c.121A>G	p.T41A	6841_2964	MEN
121	121	CATD229a	c.121A>G	p.T41A	c.121A>G	p.T41A	6841_2964	MEN
122	122	CATD0524a	c.122C>T	p.T41I	c.122C>T	p.T41I	6864_2965	PANC
110	110	CATD203a	c.110C>T	p.S37F	c.110C>T	p.S37F	6864_2965	PANC
110	110	CATD210a	c.110C>T	p.S37F	c.110C>T	p.S37F	6864_2965	PANC
110	110	CATD0533a	c.110C>T	p.S37F	c.110C>T	p.S37F	6864_2965	PANC
110	110	CATD0534a	c.110C>T	p.S37F	c.110C>T	p.S37F	6864_2965	PANC
110	110	CATD199a	c.110C>T	p.S37F	c.110C>T	p.S37F	6864_2965	PANC
110	110	CATD207a	c.110C>T	p.S37F	c.110C>T	p.S37F	6864_2965	PANC
100	100	CATD0518a	c.100G>C	p.G34R	c.100G>C	p.G34R	6864_2965	PANC
100	100	CATD0519a	c.100G>A	p.G34R	c.100G>A	p.G34R	6864_2965	PANC
100	100	CATD196a	c.100G>A	p.G34R	c.100G>A	p.G34R	6864_2965	PANC
98	98	CATD197a	c.98C>G	p.S33C	c.98C>G	p.S33C	6864_2965	PANC
98	98	CATD205a	c.98C>G	p.S33C	c.98C>G	p.S33C	6864_2965	PANC
94	94	CATD0512a	c.94G>C	p.D32H	c.94G>C	p.D32H	6864_2965	PANC
94	94	CATD212a	c.94G>C	p.D32H	c.94G>C	p.D32H	6864_2965	PANC
91	91	CATD209a	c.91C>A	p.L31M	c.91C>A	p.L31M	6864_2965	PANC
122	122	CATD319a	c.122C>T	p.T41I	c.122C>T	p.T41I	6945_3142	CHOL
101	101	CATD300a	c.101G>T	p.G34V	c.101G>T	p.G34V	6945_3142	CHOL
97	97	CATD304a	c.97T>C	p.S33P	c.97T>C	p.S33P	6945_3142	CHOL
94	94	CATD299a	c.94G>T	p.D32Y	c.94G>T	p.D32Y	6945_3142	CHOL
94	94	CATD320a	c.94G>A	p.D32N	c.94G>A	p.D32N	6945_3142	CHOL
2041	2035	CATD0735a	c.2041A>C	p.T681P	c.2035A>C	p.T679P	6982_3135	LYM
121	121	CATD0500a	c.121A>G	p.T41A	c.121A>G	p.T41A	6990_3065	MAM
109	109	CATD0479a	c.109T>G	p.S37A	c.109T>G	p.S37A	6990_3065	MAM
1652	1646	CATD0665a	c.1652G>A	p.R551H	c.1646G>A	p.R549H	7040_3064	BCC
110	110	CATD0465a	c.110C>T	p.S37F	c.110C>T	p.S37F	7097_3073	CRC
110	110	CATD0619a	c.110C>G	p.S37C	c.110C>G	p.S37C	7097_3073	CRC
109	109	CATD0618a	c.109T>G	p.S37A	c.109T>G	p.S37A	7097_3073	CRC
101	101	CATD0448a	c.101G>A	p.G34E	c.101G>A	p.G34E	7097_3073	CRC
101	101	CATD0452a	c.101G>A	p.G34E	c.101G>A	p.G34E	7097_3073	CRC
101	101	CATD0453a	c.101G>A	p.G34E	c.101G>A	p.G34E	7097_3073	CRC
101	101	CATD0460a	c.101G>A	p.G34E	c.101G>A	p.G34E	7097_3073	CRC
100	100	CATD0617a	c.100G>A	p.G34R	c.100G>A	p.G34R	7097_3073	CRC
100	100	CATD0624a	c.100G>A	p.G34R	c.100G>A	p.G34R	7097_3073	CRC
100	100	CATD0625a	c.100G>A	p.G34R	c.100G>A	p.G34R	7097_3073	CRC
98	98	CATD0457a	c.98C>T	p.S33F	c.98C>T	p.S33F	7097_3073	CRC
97	97	CATD0464a	c.97T>C	p.S33P	c.97T>C	p.S33P	7097_3073	CRC
94	94	CATD0621a	c.94G>C	p.D32H	c.94G>C	p.D32H	7097_3073	CRC
