Gene_Name	Gene	Hugo_Symbol	Chromosome	POS_VCF	Reference_Allele	Tumor_Seq_Allele2	Variant_Type	VAF_tum	t_depth	VAF_norm	n_depth	Tumor_Sample_Barcode	Main_consequence_VEP	Consequence	Mutation	Direction
PDK1/ENSFCAG00000031620	ENSFCAG00000031620	PDK1	C1	163678932	G	A	SNP	NA	NA	0.454	566	CATD0578b	splice_acceptor_variant	splice_acceptor_variant	C>T/G>A	Reverse
PDK1/ENSFCAG00000031620	ENSFCAG00000031620	PDK1	C1	163678932	G	A	SNP	NA	NA	0.443	454	CATD0582b	splice_acceptor_variant	splice_acceptor_variant	C>T/G>A	Reverse
PDK1/ENSFCAG00000031620	ENSFCAG00000031620	PDK1	C1	163678932	G	A	SNP	NA	NA	0.505	376	CATD0587b	splice_acceptor_variant	splice_acceptor_variant	C>T/G>A	Reverse
PDK1/ENSFCAG00000031620	ENSFCAG00000031620	PDK1	C1	163678932	G	A	SNP	NA	NA	0.498	721	CATD0720b	splice_acceptor_variant	splice_acceptor_variant	C>T/G>A	Reverse
PDK1/ENSFCAG00000031620	ENSFCAG00000031620	PDK1	C1	163678932	G	A	SNP	NA	NA	0.476	569	CATD0736b	splice_acceptor_variant	splice_acceptor_variant	C>T/G>A	Reverse
ATP1A1/ENSFCAG00000013378	ENSFCAG00000013378	ATP1A1	C1	99920077	-	TATGTC	INS	NA	NA	0.136	470	CATD0574b	splice_donor_variant	splice_donor_variant	Indel	NA
ATP1A1/ENSFCAG00000013378	ENSFCAG00000013378	ATP1A1	C1	99925691	-	TTATAATGGTCAC	INS	NA	NA	0.402	579	CATD0592b	splice_donor_variant	splice_donor_variant	Indel	NA
ATP1A1/ENSFCAG00000013378	ENSFCAG00000013378	ATP1A1	C1	99925691	-	TTATAATGGTCAC	INS	NA	NA	0.228	294	CATD0604b	splice_donor_variant	splice_donor_variant	Indel	NA
MAP2K2/ENSFCAG00000014137	ENSFCAG00000014137	MAP2K2	A2	3156991	A	T	SNP	NA	NA	0.46	309	CATD0722b	stop_gained	stop_gained	T>A/A>T	Reverse
TERT/ENSFCAG00000009543	ENSFCAG00000009543	TERT	A1	241342225	GGGGGGA	-	DEL	NA	NA	0.194	36	CATD0572b	frameshift_variant	frameshift_variant	Indel	NA
TERT/ENSFCAG00000009543	ENSFCAG00000009543	TERT	A1	241342225	GGGGGGA	-	DEL	NA	NA	0.224	67	CATD0577b	frameshift_variant	frameshift_variant	Indel	NA
TERT/ENSFCAG00000009543	ENSFCAG00000009543	TERT	A1	241342225	GGGGGGA	-	DEL	NA	NA	0.261	23	CATD0578b	frameshift_variant	frameshift_variant	Indel	NA
TERT/ENSFCAG00000009543	ENSFCAG00000009543	TERT	A1	241342225	GGGGGGA	-	DEL	NA	NA	0.2	45	CATD0580b	frameshift_variant	frameshift_variant	Indel	NA
TERT/ENSFCAG00000009543	ENSFCAG00000009543	TERT	A1	241342225	GGGGGGA	-	DEL	NA	NA	0.17	47	CATD0588b	frameshift_variant	frameshift_variant	Indel	NA
TERT/ENSFCAG00000009543	ENSFCAG00000009543	TERT	A1	241342225	GGGGGGA	-	DEL	NA	NA	0.364	11	CATD0609b	frameshift_variant	frameshift_variant	Indel	NA
TERT/ENSFCAG00000009543	ENSFCAG00000009543	TERT	A1	241342225	GGGGGGA	-	DEL	NA	NA	0.17	47	CATD0678b	frameshift_variant	frameshift_variant	Indel	NA
TERT/ENSFCAG00000009543	ENSFCAG00000009543	TERT	A1	241342225	GGGGGGA	-	DEL	NA	NA	0.212	33	CATD0679b	frameshift_variant	frameshift_variant	Indel	NA
TERT/ENSFCAG00000009543	ENSFCAG00000009543	TERT	A1	241342225	GGGGGGA	-	DEL	NA	NA	0.185	65	CATD0720b	frameshift_variant	frameshift_variant	Indel	NA
TERT/ENSFCAG00000009543	ENSFCAG00000009543	TERT	A1	241342225	GGGGGGA	-	DEL	NA	NA	0.194	93	CATD0721b	frameshift_variant	frameshift_variant	Indel	NA
TERT/ENSFCAG00000009543	ENSFCAG00000009543	TERT	A1	241342225	GGGGGGA	-	DEL	NA	NA	0.246	57	CATD0727b	frameshift_variant	frameshift_variant	Indel	NA
TERT/ENSFCAG00000009543	ENSFCAG00000009543	TERT	A1	241342225	GGGGGGA	-	DEL	NA	NA	0.161	31	CATD0734b	frameshift_variant	frameshift_variant	Indel	NA
TERT/ENSFCAG00000009543	ENSFCAG00000009543	TERT	A1	241342225	GGGGGGA	-	DEL	NA	NA	0.136	22	CATD0736b	frameshift_variant	frameshift_variant	Indel	NA
MAP2K2/ENSFCAG00000014137	ENSFCAG00000014137	MAP2K2	A2	3157182	TG	-	DEL	NA	NA	0.389	406	CATD0577b	frameshift_variant	frameshift_variant	Indel	NA
MAP2K2/ENSFCAG00000014137	ENSFCAG00000014137	MAP2K2	A2	3157182	TG	-	DEL	NA	NA	0.515	398	CATD0590b	frameshift_variant	frameshift_variant	Indel	NA
MAP2K2/ENSFCAG00000014137	ENSFCAG00000014137	MAP2K2	A2	3157182	TG	-	DEL	NA	NA	0.438	365	CATD0591b	frameshift_variant	frameshift_variant	Indel	NA
MAP2K2/ENSFCAG00000014137	ENSFCAG00000014137	MAP2K2	A2	3157182	TG	-	DEL	NA	NA	0.455	385	CATD0682b	frameshift_variant	frameshift_variant	Indel	NA
MAP2K2/ENSFCAG00000014137	ENSFCAG00000014137	MAP2K2	A2	3157182	TG	-	DEL	NA	NA	0.511	568	CATD0720b	frameshift_variant	frameshift_variant	Indel	NA
MAP2K2/ENSFCAG00000014137	ENSFCAG00000014137	MAP2K2	A2	3157182	TG	-	DEL	NA	NA	0.504	345	CATD0723b	frameshift_variant	frameshift_variant	Indel	NA
MAP2K2/ENSFCAG00000014137	ENSFCAG00000014137	MAP2K2	A2	3157182	TG	-	DEL	NA	NA	0.536	364	CATD0725b	frameshift_variant	frameshift_variant	Indel	NA
MAP2K2/ENSFCAG00000014137	ENSFCAG00000014137	MAP2K2	A2	3157182	TG	-	DEL	NA	NA	0.52	435	CATD0727b	frameshift_variant	frameshift_variant	Indel	NA
CHIC2/ENSFCAG00000045270	ENSFCAG00000045270	CHIC2	B1	164624674	-	CT	INS	NA	NA	0.11	309	CATD0575b	frameshift_variant	frameshift_variant&splice_region_variant	Indel	NA
CHIC2/ENSFCAG00000045270	ENSFCAG00000045270	CHIC2	B1	164624674	-	CT	INS	NA	NA	0.109	450	CATD0576b	frameshift_variant	frameshift_variant&splice_region_variant	Indel	NA
CHIC2/ENSFCAG00000045270	ENSFCAG00000045270	CHIC2	B1	164624674	-	CT	INS	NA	NA	0.125	457	CATD0581b	frameshift_variant	frameshift_variant&splice_region_variant	Indel	NA
CHIC2/ENSFCAG00000045270	ENSFCAG00000045270	CHIC2	B1	164624674	-	CT	INS	NA	NA	0.117	282	CATD0583b	frameshift_variant	frameshift_variant&splice_region_variant	Indel	NA
CHIC2/ENSFCAG00000045270	ENSFCAG00000045270	CHIC2	B1	164624674	-	CT	INS	NA	NA	0.128	453	CATD0601b	frameshift_variant	frameshift_variant&splice_region_variant	Indel	NA
CHIC2/ENSFCAG00000045270	ENSFCAG00000045270	CHIC2	B1	164624674	-	CT	INS	NA	NA	0.117	393	CATD0603b	frameshift_variant	frameshift_variant&splice_region_variant	Indel	NA
CHIC2/ENSFCAG00000045270	ENSFCAG00000045270	CHIC2	B1	164624674	-	CT	INS	NA	NA	0.119	572	CATD0678b	frameshift_variant	frameshift_variant&splice_region_variant	Indel	NA
CHIC2/ENSFCAG00000045270	ENSFCAG00000045270	CHIC2	B1	164624674	-	CT	INS	NA	NA	0.11	319	CATD0730b	frameshift_variant	frameshift_variant&splice_region_variant	Indel	NA
ATP1A1/ENSFCAG00000013378	ENSFCAG00000013378	ATP1A1	C1	99963526	-	T	INS	NA	NA	0.529	310	CATD0723b	frameshift_variant	frameshift_variant	Indel	NA
ROBO1/ENSFCAG00000014501	ENSFCAG00000014501	ROBO1	C2	32081012	-	T	INS	NA	NA	0.667	3	CATD0721b	frameshift_variant	frameshift_variant&splice_region_variant&intron_variant	Indel	NA
ROBO1/ENSFCAG00000014501	ENSFCAG00000014501	ROBO1	C2	32081014	-	A	INS	NA	NA	0.75	4	CATD0609b	frameshift_variant	frameshift_variant&splice_region_variant&intron_variant	Indel	NA
ROBO1/ENSFCAG00000014501	ENSFCAG00000014501	ROBO1	C2	32081014	-	A	INS	NA	NA	1	2	CATD0678b	frameshift_variant	frameshift_variant&splice_region_variant&intron_variant	Indel	NA
ROBO1/ENSFCAG00000014501	ENSFCAG00000014501	ROBO1	C2	32081014	-	A	INS	NA	NA	1	2	CATD0679b	frameshift_variant	frameshift_variant&splice_region_variant&intron_variant	Indel	NA
ROBO1/ENSFCAG00000014501	ENSFCAG00000014501	ROBO1	C2	32081014	-	A	INS	NA	NA	0.857	7	CATD0680b	frameshift_variant	frameshift_variant&splice_region_variant&intron_variant	Indel	NA
ROBO1/ENSFCAG00000014501	ENSFCAG00000014501	ROBO1	C2	32081014	-	A	INS	NA	NA	0.6	5	CATD0687b	frameshift_variant	frameshift_variant&splice_region_variant&intron_variant	Indel	NA
ROBO1/ENSFCAG00000014501	ENSFCAG00000014501	ROBO1	C2	32081014	-	A	INS	NA	NA	0.667	6	CATD0720b	frameshift_variant	frameshift_variant&splice_region_variant&intron_variant	Indel	NA
ROBO1/ENSFCAG00000014501	ENSFCAG00000014501	ROBO1	C2	32081014	-	A	INS	NA	NA	1	2	CATD0723b	frameshift_variant	frameshift_variant&splice_region_variant&intron_variant	Indel	NA
ROBO1/ENSFCAG00000014501	ENSFCAG00000014501	ROBO1	C2	32081014	-	A	INS	NA	NA	0.667	6	CATD0734b	frameshift_variant	frameshift_variant&splice_region_variant&intron_variant	Indel	NA
PCSK7/ENSFCAG00000013582	ENSFCAG00000013582	PCSK7	D1	14929735	-	G	INS	NA	NA	0.226	31	CATD0576b	frameshift_variant	frameshift_variant	Indel	NA
PCSK7/ENSFCAG00000013582	ENSFCAG00000013582	PCSK7	D1	14929735	-	G	INS	NA	NA	0.148	27	CATD0582b	frameshift_variant	frameshift_variant	Indel	NA
PCSK7/ENSFCAG00000013582	ENSFCAG00000013582	PCSK7	D1	14929735	-	G	INS	NA	NA	0.667	3	CATD0584b	frameshift_variant	frameshift_variant	Indel	NA
PCSK7/ENSFCAG00000013582	ENSFCAG00000013582	PCSK7	D1	14929735	-	G	INS	NA	NA	0.118	17	CATD0586b	frameshift_variant	frameshift_variant	Indel	NA
PCSK7/ENSFCAG00000013582	ENSFCAG00000013582	PCSK7	D1	14929735	-	G	INS	NA	NA	0.114	35	CATD0592b	frameshift_variant	frameshift_variant	Indel	NA
PCSK7/ENSFCAG00000013582	ENSFCAG00000013582	PCSK7	D1	14929735	-	G	INS	NA	NA	0.625	8	CATD0686b	frameshift_variant	frameshift_variant	Indel	NA
PCSK7/ENSFCAG00000013582	ENSFCAG00000013582	PCSK7	D1	14929735	-	G	INS	NA	NA	0.5	8	CATD0731b	frameshift_variant	frameshift_variant	Indel	NA
PCSK7/ENSFCAG00000013582	ENSFCAG00000013582	PCSK7	D1	14929737	GA	-	DEL	NA	NA	0.244	41	CATD0678b	frameshift_variant	frameshift_variant	Indel	NA
PGBD5/ENSFCAG00000022796	ENSFCAG00000022796	PGBD5	D2	18234097	G	-	DEL	NA	NA	0.187	198	CATD0587b	frameshift_variant	frameshift_variant	Indel	NA
PGBD5/ENSFCAG00000022796	ENSFCAG00000022796	PGBD5	D2	18234187	GGTG	-	DEL	NA	NA	0.172	87	CATD0573b	frameshift_variant	frameshift_variant	Indel	NA
PGBD5/ENSFCAG00000022796	ENSFCAG00000022796	PGBD5	D2	18234187	GGTG	-	DEL	NA	NA	0.118	110	CATD0574b	frameshift_variant	frameshift_variant	Indel	NA
PGBD5/ENSFCAG00000022796	ENSFCAG00000022796	PGBD5	D2	18234187	GGTG	-	DEL	NA	NA	0.341	82	CATD0576b	frameshift_variant	frameshift_variant	Indel	NA
PGBD5/ENSFCAG00000022796	ENSFCAG00000022796	PGBD5	D2	18234187	GGTG	-	DEL	NA	NA	0.333	87	CATD0577b	frameshift_variant	frameshift_variant	Indel	NA
PGBD5/ENSFCAG00000022796	ENSFCAG00000022796	PGBD5	D2	18234187	GGTG	-	DEL	NA	NA	0.171	123	CATD0580b	frameshift_variant	frameshift_variant	Indel	NA
PGBD5/ENSFCAG00000022796	ENSFCAG00000022796	PGBD5	D2	18234187	GGTG	-	DEL	NA	NA	0.374	107	CATD0584b	frameshift_variant	frameshift_variant	Indel	NA
PGBD5/ENSFCAG00000022796	ENSFCAG00000022796	PGBD5	D2	18234187	GGTG	-	DEL	NA	NA	0.102	98	CATD0585b	frameshift_variant	frameshift_variant	Indel	NA
PGBD5/ENSFCAG00000022796	ENSFCAG00000022796	PGBD5	D2	18234187	GGTG	-	DEL	NA	NA	0.181	94	CATD0589b	frameshift_variant	frameshift_variant	Indel	NA
PGBD5/ENSFCAG00000022796	ENSFCAG00000022796	PGBD5	D2	18234187	GGTG	-	DEL	NA	NA	0.418	122	CATD0590b	frameshift_variant	frameshift_variant	Indel	NA
PGBD5/ENSFCAG00000022796	ENSFCAG00000022796	PGBD5	D2	18234187	GGTG	-	DEL	NA	NA	0.154	117	CATD0591b	frameshift_variant	frameshift_variant	Indel	NA
PGBD5/ENSFCAG00000022796	ENSFCAG00000022796	PGBD5	D2	18234187	GGTG	-	DEL	NA	NA	0.222	72	CATD0592b	frameshift_variant	frameshift_variant	Indel	NA
PGBD5/ENSFCAG00000022796	ENSFCAG00000022796	PGBD5	D2	18234187	GGTG	-	DEL	NA	NA	0.321	106	CATD0593b	frameshift_variant	frameshift_variant	Indel	NA
PGBD5/ENSFCAG00000022796	ENSFCAG00000022796	PGBD5	D2	18234187	GGTG	-	DEL	NA	NA	0.25	64	CATD0594b	frameshift_variant	frameshift_variant	Indel	NA
PGBD5/ENSFCAG00000022796	ENSFCAG00000022796	PGBD5	D2	18234187	GGTG	-	DEL	NA	NA	0.364	140	CATD0595b	frameshift_variant	frameshift_variant	Indel	NA
PGBD5/ENSFCAG00000022796	ENSFCAG00000022796	PGBD5	D2	18234187	GGTG	-	DEL	NA	NA	0.11	118	CATD0596b	frameshift_variant	frameshift_variant	Indel	NA
PGBD5/ENSFCAG00000022796	ENSFCAG00000022796	PGBD5	D2	18234187	GGTG	-	DEL	NA	NA	0.152	66	CATD0601b	frameshift_variant	frameshift_variant	Indel	NA
PGBD5/ENSFCAG00000022796	ENSFCAG00000022796	PGBD5	D2	18234187	GGTG	-	DEL	NA	NA	0.137	51	CATD0603b	frameshift_variant	frameshift_variant	Indel	NA
PGBD5/ENSFCAG00000022796	ENSFCAG00000022796	PGBD5	D2	18234187	GGTG	-	DEL	NA	NA	0.183	82	CATD0604b	frameshift_variant	frameshift_variant	Indel	NA
PGBD5/ENSFCAG00000022796	ENSFCAG00000022796	PGBD5	D2	18234187	GGTG	-	DEL	NA	NA	0.207	29	CATD0609b	frameshift_variant	frameshift_variant	Indel	NA
PGBD5/ENSFCAG00000022796	ENSFCAG00000022796	PGBD5	D2	18234187	GGTG	-	DEL	NA	NA	0.198	81	CATD0680b	frameshift_variant	frameshift_variant	Indel	NA
PGBD5/ENSFCAG00000022796	ENSFCAG00000022796	PGBD5	D2	18234187	GGTG	-	DEL	NA	NA	0.141	163	CATD0682b	frameshift_variant	frameshift_variant	Indel	NA
PGBD5/ENSFCAG00000022796	ENSFCAG00000022796	PGBD5	D2	18234187	GGTG	-	DEL	NA	NA	0.204	201	CATD0686b	frameshift_variant	frameshift_variant	Indel	NA
PGBD5/ENSFCAG00000022796	ENSFCAG00000022796	PGBD5	D2	18234187	GGTG	-	DEL	NA	NA	0.124	89	CATD0687b	frameshift_variant	frameshift_variant	Indel	NA
PGBD5/ENSFCAG00000022796	ENSFCAG00000022796	PGBD5	D2	18234187	GGTG	-	DEL	NA	NA	0.286	119	CATD0719b	frameshift_variant	frameshift_variant	Indel	NA
PGBD5/ENSFCAG00000022796	ENSFCAG00000022796	PGBD5	D2	18234187	GGTG	-	DEL	NA	NA	0.149	101	CATD0720b	frameshift_variant	frameshift_variant	Indel	NA
PGBD5/ENSFCAG00000022796	ENSFCAG00000022796	PGBD5	D2	18234187	GGTG	-	DEL	NA	NA	0.135	156	CATD0723b	frameshift_variant	frameshift_variant	Indel	NA
PGBD5/ENSFCAG00000022796	ENSFCAG00000022796	PGBD5	D2	18234187	GGTG	-	DEL	NA	NA	0.217	184	CATD0730b	frameshift_variant	frameshift_variant	Indel	NA
PGBD5/ENSFCAG00000022796	ENSFCAG00000022796	PGBD5	D2	18234187	GGTG	-	DEL	NA	NA	0.395	129	CATD0731b	frameshift_variant	frameshift_variant	Indel	NA
PGBD5/ENSFCAG00000022796	ENSFCAG00000022796	PGBD5	D2	18234187	GGTG	-	DEL	NA	NA	0.301	73	CATD0732b	frameshift_variant	frameshift_variant	Indel	NA
PGBD5/ENSFCAG00000022796	ENSFCAG00000022796	PGBD5	D2	18234187	GGTG	-	DEL	NA	NA	0.329	73	CATD0733b	frameshift_variant	frameshift_variant	Indel	NA
PGBD5/ENSFCAG00000022796	ENSFCAG00000022796	PGBD5	D2	18234187	GGTG	-	DEL	NA	NA	0.409	88	CATD0734b	frameshift_variant	frameshift_variant	Indel	NA
PGBD5/ENSFCAG00000022796	ENSFCAG00000022796	PGBD5	D2	18234187	GGTG	-	DEL	NA	NA	0.115	122	CATD0735b	frameshift_variant	frameshift_variant	Indel	NA
PGBD5/ENSFCAG00000022796	ENSFCAG00000022796	PGBD5	D2	18234187	GGTG	-	DEL	NA	NA	0.378	82	CATD0736b	frameshift_variant	frameshift_variant	Indel	NA
NR4A3/ENSFCAG00000030862	ENSFCAG00000030862	NR4A3	D4	64025872	G	-	DEL	NA	NA	0.432	583	CATD0577b	frameshift_variant	frameshift_variant	Indel	NA
NR4A3/ENSFCAG00000030862	ENSFCAG00000030862	NR4A3	D4	64025872	G	-	DEL	NA	NA	0.481	563	CATD0581b	frameshift_variant	frameshift_variant	Indel	NA
NR4A3/ENSFCAG00000030862	ENSFCAG00000030862	NR4A3	D4	64025872	G	-	DEL	NA	NA	0.999	848	CATD0589b	frameshift_variant	frameshift_variant	Indel	NA
NR4A3/ENSFCAG00000030862	ENSFCAG00000030862	NR4A3	D4	64025872	G	-	DEL	NA	NA	0.441	601	CATD0592b	frameshift_variant	frameshift_variant	Indel	NA
NR4A3/ENSFCAG00000030862	ENSFCAG00000030862	NR4A3	D4	64025872	G	-	DEL	NA	NA	0.425	691	CATD0593b	frameshift_variant	frameshift_variant	Indel	NA
NR4A3/ENSFCAG00000030862	ENSFCAG00000030862	NR4A3	D4	64025872	G	-	DEL	NA	NA	0.427	675	CATD0721b	frameshift_variant	frameshift_variant	Indel	NA
NR4A3/ENSFCAG00000030862	ENSFCAG00000030862	NR4A3	D4	64025872	G	-	DEL	NA	NA	0.419	518	CATD0732b	frameshift_variant	frameshift_variant	Indel	NA
NR4A3/ENSFCAG00000030862	ENSFCAG00000030862	NR4A3	D4	64025872	G	-	DEL	NA	NA	0.445	328	CATD0734b	frameshift_variant	frameshift_variant	Indel	NA
NR4A3/ENSFCAG00000030862	ENSFCAG00000030862	NR4A3	D4	64025874	AG	-	DEL	NA	NA	0.416	587	CATD0577b	frameshift_variant	frameshift_variant	Indel	NA
NR4A3/ENSFCAG00000030862	ENSFCAG00000030862	NR4A3	D4	64025874	AG	-	DEL	NA	NA	0.458	559	CATD0581b	frameshift_variant	frameshift_variant	Indel	NA
NR4A3/ENSFCAG00000030862	ENSFCAG00000030862	NR4A3	D4	64025874	AG	-	DEL	NA	NA	0.962	659	CATD0589b	frameshift_variant	frameshift_variant	Indel	NA
NR4A3/ENSFCAG00000030862	ENSFCAG00000030862	NR4A3	D4	64025874	AG	-	DEL	NA	NA	0.392	559	CATD0592b	frameshift_variant	frameshift_variant	Indel	NA
NR4A3/ENSFCAG00000030862	ENSFCAG00000030862	NR4A3	D4	64025874	AG	-	DEL	NA	NA	0.312	605	CATD0593b	frameshift_variant	frameshift_variant	Indel	NA
NR4A3/ENSFCAG00000030862	ENSFCAG00000030862	NR4A3	D4	64025874	AG	-	DEL	NA	NA	0.343	613	CATD0721b	frameshift_variant	frameshift_variant	Indel	NA
NR4A3/ENSFCAG00000030862	ENSFCAG00000030862	NR4A3	D4	64025874	AG	-	DEL	NA	NA	0.397	519	CATD0732b	frameshift_variant	frameshift_variant	Indel	NA
NR4A3/ENSFCAG00000030862	ENSFCAG00000030862	NR4A3	D4	64025874	AG	-	DEL	NA	NA	0.307	283	CATD0734b	frameshift_variant	frameshift_variant	Indel	NA
RRAS/ENSFCAG00000024840	ENSFCAG00000024840	RRAS	E2	8372948	AATGTGGACG	-	DEL	NA	NA	0.463	758	CATD0680b	frameshift_variant	frameshift_variant	Indel	NA
RRAS/ENSFCAG00000024840	ENSFCAG00000024840	RRAS	E2	8373094	AG	-	DEL	NA	NA	0.12	50	CATD0572b	frameshift_variant	frameshift_variant	Indel	NA
RRAS/ENSFCAG00000024840	ENSFCAG00000024840	RRAS	E2	8373094	AG	-	DEL	NA	NA	0.149	101	CATD0573b	frameshift_variant	frameshift_variant	Indel	NA
RRAS/ENSFCAG00000024840	ENSFCAG00000024840	RRAS	E2	8373094	AG	-	DEL	NA	NA	0.169	189	CATD0580b	frameshift_variant	frameshift_variant	Indel	NA
RRAS/ENSFCAG00000024840	ENSFCAG00000024840	RRAS	E2	8373094	AG	-	DEL	NA	NA	0.143	133	CATD0581b	frameshift_variant	frameshift_variant	Indel	NA
RRAS/ENSFCAG00000024840	ENSFCAG00000024840	RRAS	E2	8373094	AG	-	DEL	NA	NA	0.153	137	CATD0591b	frameshift_variant	frameshift_variant	Indel	NA
RRAS/ENSFCAG00000024840	ENSFCAG00000024840	RRAS	E2	8373094	AG	-	DEL	NA	NA	0.164	146	CATD0596b	frameshift_variant	frameshift_variant	Indel	NA
RRAS/ENSFCAG00000024840	ENSFCAG00000024840	RRAS	E2	8373094	AG	-	DEL	NA	NA	0.174	121	CATD0682b	frameshift_variant	frameshift_variant	Indel	NA
FOXF1/ENSFCAG00000030557	ENSFCAG00000030557	FOXF1	E2	61200909	-	CCCTC	INS	NA	NA	0.991	116	CATD0573b	frameshift_variant	frameshift_variant	Indel	NA
FOXF1/ENSFCAG00000030557	ENSFCAG00000030557	FOXF1	E2	61200909	-	CCCTC	INS	NA	NA	0.408	238	CATD0574b	frameshift_variant	frameshift_variant	Indel	NA
FOXF1/ENSFCAG00000030557	ENSFCAG00000030557	FOXF1	E2	61200909	-	CCCTC	INS	NA	NA	0.491	175	CATD0575b	frameshift_variant	frameshift_variant	Indel	NA
FOXF1/ENSFCAG00000030557	ENSFCAG00000030557	FOXF1	E2	61200909	-	CCCTC	INS	NA	NA	1	153	CATD0576b	frameshift_variant	frameshift_variant	Indel	NA
FOXF1/ENSFCAG00000030557	ENSFCAG00000030557	FOXF1	E2	61200909	-	CCCTC	INS	NA	NA	0.995	205	CATD0577b	frameshift_variant	frameshift_variant	Indel	NA
FOXF1/ENSFCAG00000030557	ENSFCAG00000030557	FOXF1	E2	61200909	-	CCCTC	INS	NA	NA	1	113	CATD0578b	frameshift_variant	frameshift_variant	Indel	NA
FOXF1/ENSFCAG00000030557	ENSFCAG00000030557	FOXF1	E2	61200909	-	CCCTC	INS	NA	NA	0.991	235	CATD0580b	frameshift_variant	frameshift_variant	Indel	NA
FOXF1/ENSFCAG00000030557	ENSFCAG00000030557	FOXF1	E2	61200909	-	CCCTC	INS	NA	NA	0.464	168	CATD0582b	frameshift_variant	frameshift_variant	Indel	NA
FOXF1/ENSFCAG00000030557	ENSFCAG00000030557	FOXF1	E2	61200909	-	CCCTC	INS	NA	NA	0.511	284	CATD0584b	frameshift_variant	frameshift_variant	Indel	NA
FOXF1/ENSFCAG00000030557	ENSFCAG00000030557	FOXF1	E2	61200909	-	CCCTC	INS	NA	NA	0.517	209	CATD0585b	frameshift_variant	frameshift_variant	Indel	NA
FOXF1/ENSFCAG00000030557	ENSFCAG00000030557	FOXF1	E2	61200909	-	CCCTC	INS	NA	NA	0.413	92	CATD0586b	frameshift_variant	frameshift_variant	Indel	NA
FOXF1/ENSFCAG00000030557	ENSFCAG00000030557	FOXF1	E2	61200909	-	CCCTC	INS	NA	NA	0.43	330	CATD0587b	frameshift_variant	frameshift_variant	Indel	NA
FOXF1/ENSFCAG00000030557	ENSFCAG00000030557	FOXF1	E2	61200909	-	CCCTC	INS	NA	NA	1	181	CATD0588b	frameshift_variant	frameshift_variant	Indel	NA
FOXF1/ENSFCAG00000030557	ENSFCAG00000030557	FOXF1	E2	61200909	-	CCCTC	INS	NA	NA	1	228	CATD0590b	frameshift_variant	frameshift_variant	Indel	NA
FOXF1/ENSFCAG00000030557	ENSFCAG00000030557	FOXF1	E2	61200909	-	CCCTC	INS	NA	NA	1	226	CATD0591b	frameshift_variant	frameshift_variant	Indel	NA
FOXF1/ENSFCAG00000030557	ENSFCAG00000030557	FOXF1	E2	61200909	-	CCCTC	INS	NA	NA	0.426	237	CATD0592b	frameshift_variant	frameshift_variant	Indel	NA
FOXF1/ENSFCAG00000030557	ENSFCAG00000030557	FOXF1	E2	61200909	-	CCCTC	INS	NA	NA	0.431	283	CATD0593b	frameshift_variant	frameshift_variant	Indel	NA
FOXF1/ENSFCAG00000030557	ENSFCAG00000030557	FOXF1	E2	61200909	-	CCCTC	INS	NA	NA	0.986	146	CATD0594b	frameshift_variant	frameshift_variant	Indel	NA
FOXF1/ENSFCAG00000030557	ENSFCAG00000030557	FOXF1	E2	61200909	-	CCCTC	INS	NA	NA	0.991	231	CATD0595b	frameshift_variant	frameshift_variant	Indel	NA
FOXF1/ENSFCAG00000030557	ENSFCAG00000030557	FOXF1	E2	61200909	-	CCCTC	INS	NA	NA	1	244	CATD0596b	frameshift_variant	frameshift_variant	Indel	NA
FOXF1/ENSFCAG00000030557	ENSFCAG00000030557	FOXF1	E2	61200909	-	CCCTC	INS	NA	NA	1	140	CATD0600b	frameshift_variant	frameshift_variant	Indel	NA
FOXF1/ENSFCAG00000030557	ENSFCAG00000030557	FOXF1	E2	61200909	-	CCCTC	INS	NA	NA	1	78	CATD0601b	frameshift_variant	frameshift_variant	Indel	NA
FOXF1/ENSFCAG00000030557	ENSFCAG00000030557	FOXF1	E2	61200909	-	CCCTC	INS	NA	NA	0.345	165	CATD0604b	frameshift_variant	frameshift_variant	Indel	NA
FOXF1/ENSFCAG00000030557	ENSFCAG00000030557	FOXF1	E2	61200909	-	CCCTC	INS	NA	NA	0.448	105	CATD0606b	frameshift_variant	frameshift_variant	Indel	NA
FOXF1/ENSFCAG00000030557	ENSFCAG00000030557	FOXF1	E2	61200909	-	CCCTC	INS	NA	NA	0.65	80	CATD0609b	frameshift_variant	frameshift_variant	Indel	NA
FOXF1/ENSFCAG00000030557	ENSFCAG00000030557	FOXF1	E2	61200909	-	CCCTC	INS	NA	NA	0.955	88	CATD0679b	frameshift_variant	frameshift_variant	Indel	NA
FOXF1/ENSFCAG00000030557	ENSFCAG00000030557	FOXF1	E2	61200909	-	CCCTC	INS	NA	NA	0.321	443	CATD0680b	frameshift_variant	frameshift_variant	Indel	NA
FOXF1/ENSFCAG00000030557	ENSFCAG00000030557	FOXF1	E2	61200909	-	CCCTC	INS	NA	NA	0.412	194	CATD0682b	frameshift_variant	frameshift_variant	Indel	NA
FOXF1/ENSFCAG00000030557	ENSFCAG00000030557	FOXF1	E2	61200909	-	CCCTC	INS	NA	NA	0.459	218	CATD0722b	frameshift_variant	frameshift_variant	Indel	NA
FOXF1/ENSFCAG00000030557	ENSFCAG00000030557	FOXF1	E2	61200909	-	CCCTC	INS	NA	NA	0.966	116	CATD0723b	frameshift_variant	frameshift_variant	Indel	NA
FOXF1/ENSFCAG00000030557	ENSFCAG00000030557	FOXF1	E2	61200909	-	CCCTC	INS	NA	NA	1	198	CATD0725b	frameshift_variant	frameshift_variant	Indel	NA
FOXF1/ENSFCAG00000030557	ENSFCAG00000030557	FOXF1	E2	61200909	-	CCCTC	INS	NA	NA	0.361	352	CATD0727b	frameshift_variant	frameshift_variant	Indel	NA
FOXF1/ENSFCAG00000030557	ENSFCAG00000030557	FOXF1	E2	61200909	-	CCCTC	INS	NA	NA	0.511	423	CATD0729b	frameshift_variant	frameshift_variant	Indel	NA
FOXF1/ENSFCAG00000030557	ENSFCAG00000030557	FOXF1	E2	61200909	-	CCCTC	INS	NA	NA	0.424	314	CATD0730b	frameshift_variant	frameshift_variant	Indel	NA
FOXF1/ENSFCAG00000030557	ENSFCAG00000030557	FOXF1	E2	61200909	-	CCCTC	INS	NA	NA	1	108	CATD0734b	frameshift_variant	frameshift_variant	Indel	NA
CARD11/ENSFCAG00000008561	ENSFCAG00000008561	CARD11	E3	2496907	C	-	DEL	NA	NA	0.766	124	CATD0577b	frameshift_variant	frameshift_variant	Indel	NA
CARD11/ENSFCAG00000008561	ENSFCAG00000008561	CARD11	E3	2496907	C	-	DEL	NA	NA	0.69	42	CATD0578b	frameshift_variant	frameshift_variant	Indel	NA
CARD11/ENSFCAG00000008561	ENSFCAG00000008561	CARD11	E3	2496907	C	-	DEL	NA	NA	0.185	27	CATD0609b	frameshift_variant	frameshift_variant	Indel	NA
CARD11/ENSFCAG00000008561	ENSFCAG00000008561	CARD11	E3	2496907	C	-	DEL	NA	NA	0.185	54	CATD0679b	frameshift_variant	frameshift_variant	Indel	NA
CARD11/ENSFCAG00000008561	ENSFCAG00000008561	CARD11	E3	2496907	C	-	DEL	NA	NA	0.34	426	CATD0729b	frameshift_variant	frameshift_variant	Indel	NA
CARD11/ENSFCAG00000008561	ENSFCAG00000008561	CARD11	E3	2496907	C	-	DEL	NA	NA	0.181	105	CATD0730b	frameshift_variant	frameshift_variant	Indel	NA
CARD11/ENSFCAG00000008561	ENSFCAG00000008561	CARD11	E3	2497099	CT	-	DEL	NA	NA	0.478	485	CATD0721b	frameshift_variant	frameshift_variant	Indel	NA
