Gene_Name	Gene_Name_Site	Gene	Hugo_Symbol	Chromosome	POS_VCF	Reference_Allele	Tumor_Seq_Allele2	Variant_Type	VAF_tum	t_depth	VAF_norm	n_depth	Tumor_Sample_Barcode	Main_consequence_VEP	Consequence	Mutation	Direction
ARID1B/ENSFCAG00000006278	ARID1B/ENSFCAG00000006278/144037350/GG	ENSFCAG00000006278	ARID1B	B2	144037350	-	GG	INS	NA	NA	1	2	CATD307b	splice_acceptor_variant	splice_acceptor_variant	Indel	NA
DNMT3A/ENSFCAG00000003659	DNMT3A/ENSFCAG00000003659/123000634/A	ENSFCAG00000003659	DNMT3A	A3	123000634	G	A	SNP	NA	NA	0.516	275	CATD300b	splice_donor_variant	splice_donor_variant	C>T/G>A	Reverse
DNMT3A/ENSFCAG00000003659	DNMT3A/ENSFCAG00000003659/123000634/A	ENSFCAG00000003659	DNMT3A	A3	123000634	G	A	SNP	NA	NA	0.515	171	CATD323b	splice_donor_variant	splice_donor_variant	C>T/G>A	Reverse
DNMT3A/ENSFCAG00000003659	DNMT3A/ENSFCAG00000003659/123000634/A	ENSFCAG00000003659	DNMT3A	A3	123000634	G	A	SNP	NA	NA	0.487	195	CATD327b	splice_donor_variant	splice_donor_variant	C>T/G>A	Reverse
CIC/ENSFCAG00000012737	CIC/ENSFCAG00000012737/13350030/A	ENSFCAG00000012737	CIC	E2	13350030	C	A	SNP	NA	NA	0.52	716	CATD328b	stop_gained	stop_gained	C>A/G>T	Forward
FBXW7/ENSFCAG00000000620	FBXW7/ENSFCAG00000000620/77330379/G	ENSFCAG00000000620	FBXW7	B1	77330379	C	G	SNP	NA	NA	0.257	257	CATD311b	stop_gained	stop_gained	C>G/G>C	Forward
MAP2K2/ENSFCAG00000014137	MAP2K2/ENSFCAG00000014137/3156991/T	ENSFCAG00000014137	MAP2K2	A2	3156991	A	T	SNP	NA	NA	0.425	318	CATD313b	stop_gained	stop_gained	T>A/A>T	Reverse
MAP2K2/ENSFCAG00000014137	MAP2K2/ENSFCAG00000014137/3156991/T	ENSFCAG00000014137	MAP2K2	A2	3156991	A	T	SNP	NA	NA	1	245	CATD318b	stop_gained	stop_gained	T>A/A>T	Reverse
TSC2/ENSFCAG00000011746	TSC2/ENSFCAG00000011746/42876549/A	ENSFCAG00000011746	TSC2	E3	42876549	G	A	SNP	NA	NA	0.245	347	CATD314b	stop_gained	stop_gained	C>T/G>A	Reverse
ARID1A/ENSFCAG00000012814	ARID1A/ENSFCAG00000012814/20175809/C	ENSFCAG00000012814	ARID1A	C1	20175809	-	C	INS	NA	NA	0.224	526	CATD311b	frameshift_variant	frameshift_variant	Indel	NA
DNMT3A/ENSFCAG00000003659	DNMT3A/ENSFCAG00000003659/123004724/TTTG	ENSFCAG00000003659	DNMT3A	A3	123004724	-	TTTG	INS	NA	NA	0.548	73	CATD323b	frameshift_variant	frameshift_variant	Indel	NA
DNMT3A/ENSFCAG00000003659	DNMT3A/ENSFCAG00000003659/123004724/TTTG	ENSFCAG00000003659	DNMT3A	A3	123004724	-	TTTG	INS	NA	NA	0.358	67	CATD327b	frameshift_variant	frameshift_variant	Indel	NA
EP300/ENSFCAG00000005002	EP300/ENSFCAG00000005002/136721091/-	ENSFCAG00000005002	EP300	B4	136721091	AG	-	DEL	NA	NA	0.173	75	CATD316b	frameshift_variant	frameshift_variant	Indel	NA
MAP2K2/ENSFCAG00000014137	MAP2K2/ENSFCAG00000014137/3157182/-	ENSFCAG00000014137	MAP2K2	A2	3157182	TG	-	DEL	NA	NA	0.519	212	CATD0677b	frameshift_variant	frameshift_variant	Indel	NA
MAP2K2/ENSFCAG00000014137	MAP2K2/ENSFCAG00000014137/3157182/-	ENSFCAG00000014137	MAP2K2	A2	3157182	TG	-	DEL	NA	NA	0.433	420	CATD301b	frameshift_variant	frameshift_variant	Indel	NA
MDM2/ENSFCAG00000024456	MDM2/ENSFCAG00000024456/95877853/-	ENSFCAG00000024456	MDM2	B4	95877853	GCAC	-	DEL	NA	NA	0.324	105	CATD308b	frameshift_variant	frameshift_variant	Indel	NA
MDM2/ENSFCAG00000024456	MDM2/ENSFCAG00000024456/95877853/-	ENSFCAG00000024456	MDM2	B4	95877853	GCAC	-	DEL	NA	NA	0.467	107	CATD312b	frameshift_variant	frameshift_variant	Indel	NA
MDM2/ENSFCAG00000024456	MDM2/ENSFCAG00000024456/95877853/-	ENSFCAG00000024456	MDM2	B4	95877853	GCAC	-	DEL	NA	NA	0.29	31	CATD327b	frameshift_variant	frameshift_variant	Indel	NA
MDM2/ENSFCAG00000024456	MDM2/ENSFCAG00000024456/95877975/-	ENSFCAG00000024456	MDM2	B4	95877975	G	-	DEL	NA	NA	0.507	483	CATD308b	frameshift_variant	frameshift_variant	Indel	NA
MDM2/ENSFCAG00000024456	MDM2/ENSFCAG00000024456/95877975/-	ENSFCAG00000024456	MDM2	B4	95877975	G	-	DEL	NA	NA	0.457	470	CATD312b	frameshift_variant	frameshift_variant	Indel	NA
MDM2/ENSFCAG00000024456	MDM2/ENSFCAG00000024456/95877975/-	ENSFCAG00000024456	MDM2	B4	95877975	G	-	DEL	NA	NA	0.436	149	CATD327b	frameshift_variant	frameshift_variant	Indel	NA
